{
 "nbins": 36,
 "cpr": 1024,
 "pwms": [
  120.0,
  180.0,
  250.0
 ],
 "left_ratio": [
  1.0253,
  1.0551,
  1.0591,
  1.0458,
  1.0408,
  1.0236,
  0.996,
  0.9835,
  0.9739,
  0.9496,
  0.9446,
  0.9389,
  0.9404,
  0.9507,
  0.9558,
  0.9788,
  0.9979,
  1.017,
  1.044,
  1.0739,
  1.1009,
  1.0823,
  1.0879,
  1.0512,
  1.0492,
  1.0087,
  0.9868,
  0.9484,
  0.9361,
  0.925,
  0.9217,
  0.9277,
  0.9057,
  0.9423,
  0.9679,
  0.9934
 ],
 "right_ratio": [
  0.9973,
  1.0008,
  0.995,
  0.9819,
  0.9821,
  0.9822,
  1.0004,
  0.9811,
  0.9966,
  0.9948,
  0.9945,
  0.9968,
  0.9984,
  1.0126,
  0.9961,
  0.9952,
  1.004,
  0.9893,
  1.0037,
  1.0055,
  0.9966,
  1.0029,
  1.0046,
  0.9953,
  1.0096,
  1.0082,
  1.0053,
  1.0099,
  1.0165,
  1.0127,
  1.0093,
  1.0061,
  1.0082,
  1.0042,
  1.0029,
  0.9985
 ],
 "per_speed": {
  "120.0": {
   "left_mean": 10.482850822723023,
   "left_bins": [
    10.799215977008526,
    11.18895455201467,
    11.239265512537074,
    11.012381906862613,
    11.049715748539677,
    10.758730659484863,
    10.439321041107178,
    10.330650329589844,
    10.101126852489653,
    9.976235151290894,
    9.840917587280273,
    9.797361671924591,
    9.844929558890206,
    9.92668104171753,
    9.982516884803772,
    10.113230049610138,
    10.36939263343811,
    10.564371669993681,
    10.88962099287245,
    11.20872433980306,
    11.469230916765001,
    11.299115869734022,
    11.382020950317383,
    11.060365753173828,
    10.974942127863565,
    10.663216869036356,
    10.393937201727004,
    10.00128509884789,
    9.93286573319208,
    9.710471582412719,
    9.640730714797973,
    9.614819027128673,
    9.554764248075939,
    9.963372627894083,
    10.169890131269183,
    10.529652873675028
   ],
   "right_mean": 11.61816100972629,
   "right_bins": [
    11.55796632312593,
    11.614024979727608,
    11.527407689528031,
    11.45596422467913,
    11.34298901124434,
    11.41259297080662,
    11.647575877961659,
    11.442037105560303,
    11.69712361835298,
    11.463524569635807,
    11.596835179762406,
    11.566705703735352,
    11.666473258625377,
    11.748289281671697,
    11.571865490504674,
    11.525199299766903,
    11.615443456740607,
    11.53489899635315,
    11.598686165279812,
    11.569393157958984,
    11.467517444065638,
    11.63758407320295,
    11.58598017692566,
    11.597352300371442,
    11.769136602228338,
    11.705404962812151,
    11.80382890286653,
    11.826247605410488,
    11.72916841506958,
    11.888407873070758,
    11.722372282119025,
    11.71510762753694,
    11.687572388421922,
    11.67080369202987,
    11.644776153564454,
    11.57091002030806
   ]
  },
  "180.0": {
   "left_mean": 16.752754526774087,
   "left_bins": [
    17.224165739836515,
    17.652537689208984,
    17.600536219278972,
    17.59083527785081,
    17.275440292358397,
    17.076843988327752,
    16.641927345939305,
    16.52314910888672,
    16.334039537530195,
    15.939217233657837,
    15.935331796344958,
    15.677537064803275,
    15.620190871389289,
    15.981923655459756,
    15.959064935383044,
    16.52162669953846,
    16.76921625137329,
    17.014197874069215,
    17.43324553448221,
    17.860382773659445,
    18.46505904197693,
    18.135943639846076,
    18.109345809273098,
    17.795539765130904,
    17.580049469357444,
    16.891836595535278,
    16.421788573265076,
    15.890785408020019,
    15.555453777313232,
    15.463619768619537,
    15.46283987948769,
    15.606010773602653,
    14.985144502976361,
    15.718893804048237,
    16.219474887847902,
    16.70107538803764
   ],
   "right_mean": 17.928630336146856,
   "right_bins": [
    17.882688426971434,
    18.025275230407715,
    17.755320262908935,
    17.482527883429277,
    17.779940661262064,
    17.621290588378905,
    17.94621572494507,
    17.592661104704206,
    17.837240791320802,
    18.05997791290283,
    17.717934257105778,
    17.9319064617157,
    17.850184837977093,
    18.276286849975588,
    17.713223283941094,
    17.803271169247836,
    17.95823539387096,
    17.688952321591586,
    18.025028773716517,
    18.09436798095703,
    17.903761818295433,
    17.93731490770976,
    17.99140756780451,
    17.82507749037309,
    17.987239920574687,
    18.133300399780275,
    17.90179675558339,
    18.181462495223336,
    18.315187855770713,
    18.081091690063477,
    18.054712596692536,
    17.98782386779785,
    18.120463202981387,
    17.954634114315635,
    17.939449310302734,
    17.95502471923828
   ]
  },
  "250.0": {
   "left_mean": 23.801606895761704,
   "left_bins": [
    24.223264694213867,
    24.854762424122203,
    25.097576751708985,
    24.679873899980024,
    24.68839637756348,
    24.403404035066302,
    23.771628731175472,
    23.292950881154912,
    23.397974831717356,
    22.51165989467076,
    22.46817377993935,
    22.520880381266277,
    22.601810667249893,
    22.642871284484862,
    22.912543816999957,
    23.452243900299074,
    23.887326760725543,
    24.456206821259997,
    25.05651739369268,
    25.859050999517027,
    26.33136447270711,
    25.86290558524754,
    26.10681478182475,
    24.662122063014817,
    25.023342392661355,
    23.818892765045167,
    23.53046226501465,
    22.43398535879035,
    22.189364115397137,
    22.03057861328125,
    21.955031712849934,
    22.242532629715768,
    21.683491054334137,
    22.326434421539307,
    22.975019555342826,
    23.29939417405562
   ],
   "right_mean": 25.20924874215564,
   "right_bins": [
    25.1976693760265,
    25.1409272732942,
    25.2706014251709,
    24.81737618219285,
    24.664408922195435,
    24.743365495101266,
    25.15375502904256,
    24.632974451238457,
    24.905879883539107,
    24.965267544700986,
    25.13469581604004,
    25.073299061168324,
    25.094018512301975,
    25.391902750188653,
    25.318259906768798,
    25.22692479027642,
    25.476952764723038,
    24.91594484117296,
    25.398435211181642,
    25.501708281667607,
    25.317479996454146,
    25.37252246008979,
    25.535566541883682,
    25.046855545043947,
    25.525761699676515,
    25.351878261566164,
    25.245597457885744,
    25.153709064830434,
    25.669968856008428,
    25.368799114227294,
    25.50893883478074,
    25.37750062942505,
    25.409526218067516,
    25.377777099609375,
    25.351943054199218,
    25.16156205676851
   ]
  }
 }
}