{
 "nbins": 36,
 "cpr": 1024,
 "pwms": [
  150.0,
  200.0,
  250.0
 ],
 "left_ratio": [
  0.9977,
  0.9937,
  0.9888,
  0.9854,
  0.9817,
  0.9784,
  0.9763,
  0.9743,
  0.9733,
  0.9722,
  0.9725,
  0.9736,
  0.9758,
  0.9795,
  0.9845,
  0.9889,
  0.9931,
  0.9977,
  1.0021,
  1.0059,
  1.0099,
  1.0134,
  1.0167,
  1.0196,
  1.0215,
  1.0237,
  1.0245,
  1.0258,
  1.026,
  1.0252,
  1.0223,
  1.0192,
  1.0146,
  1.0106,
  1.006,
  1.0013
 ],
 "right_ratio": [
  0.997,
  0.9954,
  0.9933,
  0.9916,
  0.9901,
  0.9897,
  0.989,
  0.9883,
  0.9885,
  0.9895,
  0.9901,
  0.9922,
  0.9936,
  0.9959,
  0.9969,
  0.9976,
  0.9989,
  1.0008,
  1.0033,
  1.0045,
  1.0063,
  1.008,
  1.0089,
  1.0096,
  1.0105,
  1.0105,
  1.0114,
  1.0101,
  1.0099,
  1.0089,
  1.0073,
  1.0047,
  1.0032,
  1.0026,
  1.0012,
  0.9995
 ],
 "per_speed": {
  "150.0": {
   "left_mean": 12.606311982472738,
   "left_bins": [
    12.54371722539266,
    12.496760527292887,
    12.441924503871373,
    12.387414530703897,
    12.345498624055281,
    12.305024782816568,
    12.2756695954696,
    12.258714551511018,
    12.251675439917523,
    12.233236395794412,
    12.241966429210844,
    12.266284806387764,
    12.284426538567795,
    12.341947449578178,
    12.40818707148234,
    12.471950138316435,
    12.518977105617523,
    12.583693377176921,
    12.643400351206461,
    12.693070856730143,
    12.742424212004009,
    12.801684180895487,
    12.844663517815727,
    12.886168786457606,
    12.909820824861526,
    12.933232731289333,
    12.937521229619565,
    12.947663386662802,
    12.945703324817476,
    12.928414759428605,
    12.889734017221551,
    12.84187035560608,
    12.774825096130371,
    12.717512941360473,
    12.653343593373018,
    12.596540226655847
   ],
   "right_mean": 14.225208286285401,
   "right_bins": [
    14.182416121164957,
    14.159488677978516,
    14.142523010571798,
    14.123933792114258,
    14.1152290725708,
    14.111262777577275,
    14.107141971588135,
    14.09326171875,
    14.085332533892464,
    14.097101900312635,
    14.099751525455051,
    14.141599357128143,
    14.148224550134996,
    14.188790202140808,
    14.192905637953016,
    14.196755184846765,
    14.221360087394714,
    14.242140187157524,
    14.26773320304023,
    14.287270482381185,
    14.300372475071958,
    14.327079508039686,
    14.33551058769226,
    14.32479459589178,
    14.334840921255259,
    14.333657223245371,
    14.34918449235999,
    14.336120398148246,
    14.344271858533224,
    14.315744717915853,
    14.303027239712803,
    14.26253314640211,
    14.258875846862793,
    14.254477977752686,
    14.219398151744496,
    14.206003109614054
   ]
  },
  "200.0": {
   "left_mean": 17.783869138547033,
   "left_bins": [
    17.733269747565775,
    17.657596164279514,
    17.56684815256219,
    17.52328592188218,
    17.44900957743327,
    17.38522520519438,
    17.348256610688708,
    17.311558847842008,
    17.292289552234468,
    17.27372642185377,
    17.28296537399292,
    17.289757633209227,
    17.33064619700114,
    17.40867311814252,
    17.491933005196707,
    17.560072541236877,
    17.639201998710632,
    17.71883189678192,
    17.80132444281327,
    17.871423821700247,
    17.938168752761115,
    18.00313273343173,
    18.054890632629395,
    18.099373420079548,
    18.135790068527747,
    18.17368492126465,
    18.19701307791251,
    18.209497247423446,
    18.21255485534668,
    18.20510917663574,
    18.153663558959963,
    18.081336888399992,
    18.024909143862516,
    17.93765344619751,
    17.874292135238647,
    17.804696924546185
   ],
   "right_mean": 19.759440395319572,
   "right_bins": [
    19.725398436836574,
    19.68907345042509,
    19.632626684088457,
    19.58470448580655,
    19.539968853905087,
    19.547655650547572,
    19.517097213051535,
    19.498541210008703,
    19.513088989257813,
    19.530968856811523,
    19.543549251556396,
    19.575963883172896,
    19.605630774247018,
    19.65267276763916,
    19.68417854309082,
    19.69479500163685,
    19.72829923629761,
    19.763462448120116,
    19.823321549788766,
    19.832389630769427,
    19.895244325910294,
    19.9054654162863,
    19.936604000273206,
    19.956325244903564,
    19.987796624501545,
    19.99989718482608,
    19.9996036529541,
    19.968986251137473,
    19.973784351348876,
    19.966739827936347,
    19.912844467163087,
    19.864514004100453,
    19.83838768005371,
    19.823794682820637,
    19.805984878540038,
    19.762468242645262
   ]
  },
  "250.0": {
   "left_mean": 22.899143076578778,
   "left_bins": [
    22.921408821554746,
    22.82600466410319,
    22.704578762962704,
    22.627738432450727,
    22.54865248998006,
    22.473134994506836,
    22.42936584472656,
    22.371565103530884,
    22.344093534681534,
    22.327322299663837,
    22.31800236909286,
    22.337395792422086,
    22.403003420148575,
    22.457220554351807,
    22.572812504238552,
    22.668131577341182,
    22.771199438307022,
    22.867450938505286,
    22.951386501914577,
    23.036402172512478,
    23.131956100463867,
    23.184310245513917,
    23.267771181852922,
    23.333322871815074,
    23.372151961693397,
    23.428932507832844,
    23.448226769765217,
    23.50227183387393,
    23.514963912963868,
    23.50065336227417,
    23.438715934753418,
    23.40932015811696,
    23.28567674424913,
    23.225113476023953,
    23.11055539449056,
    22.982295316808365
   ],
   "right_mean": 25.378515263875325,
   "right_bins": [
    25.267442512512208,
    25.237363614534075,
    25.17513324903405,
    25.143779353091592,
    25.105477246371183,
    25.06849060058594,
    25.06524776277088,
    25.058591842651367,
    25.072335996125872,
    25.103301696777343,
    25.12652333577474,
    25.16970226981423,
    25.224815715443004,
    25.270378385271346,
    25.29614057995024,
    25.32902244567871,
    25.340773043425187,
    25.40142259143648,
    25.469443911597843,
    25.513847784562543,
    25.546622099699796,
    25.618247684679535,
    25.63399257659912,
    25.67696900801225,
    25.68714385562473,
    25.67390205746605,
    25.71458117167155,
    25.681446605258518,
    25.644738483428956,
    25.62624521255493,
    25.59640824167352,
    25.53390804089998,
    25.458484077453612,
    25.44191427230835,
    25.4209230211046,
    25.373207273937407
   ]
  }
 }
}