{
 "nbins": 36,
 "cpr": 1024,
 "pwms_residual": [
  150.0,
  200.0,
  250.0
 ],
 "old_left_cal": [
  0.8401,
  0.8485,
  0.8677,
  0.9004,
  0.9487,
  1.0178,
  1.0893,
  1.142,
  1.1914,
  1.2142,
  1.2185,
  1.1978,
  1.1898,
  1.1152,
  1.066,
  1.0106,
  0.9451,
  0.9045,
  0.8704,
  0.8576,
  0.8772,
  0.8924,
  0.9263,
  0.9729,
  1.0155,
  1.0403,
  1.0895,
  1.1042,
  1.1139,
  1.1061,
  1.0946,
  1.0357,
  0.9956,
  0.9499,
  0.9134,
  0.8771
 ],
 "old_right_cal": [
  1.0115,
  1.0243,
  1.0116,
  0.9893,
  0.9914,
  0.9759,
  0.9674,
  0.9604,
  0.9522,
  0.959,
  0.965,
  0.9737,
  0.9865,
  0.9963,
  1.0058,
  1.0396,
  1.0445,
  1.0586,
  1.0499,
  1.0425,
  1.0344,
  1.0344,
  1.0316,
  1.0039,
  0.9933,
  0.9884,
  0.9668,
  0.9734,
  0.9688,
  0.9852,
  0.9839,
  0.9886,
  1.0054,
  1.0039,
  1.0217,
  1.0174
 ],
 "residual_left": [
  1.0054,
  1.0039,
  0.9988,
  0.9939,
  1.0031,
  0.9972,
  1.0005,
  0.9971,
  1.0023,
  1.0008,
  1.0041,
  1.0022,
  0.994,
  1.0109,
  0.9947,
  0.9965,
  1.0053,
  0.9906,
  1.0082,
  1.0051,
  1.0006,
  0.9967,
  0.9998,
  0.9955,
  0.9922,
  1.0122,
  0.9892,
  0.999,
  1.0054,
  1.0094,
  0.9921,
  0.9984,
  0.9998,
  1.0043,
  1.0,
  0.9947
 ],
 "residual_right": [
  0.959,
  0.9576,
  0.9873,
  1.019,
  1.0262,
  1.0746,
  1.09,
  1.0908,
  1.1029,
  1.0775,
  1.0692,
  1.0617,
  1.0118,
  1.0107,
  0.9701,
  0.9364,
  0.9322,
  0.9132,
  0.9265,
  0.9512,
  0.953,
  0.966,
  0.9714,
  1.015,
  1.0109,
  1.0341,
  1.061,
  1.0379,
  1.037,
  1.0062,
  0.9868,
  0.9801,
  0.9601,
  0.9554,
  0.9274,
  0.9435
 ],
 "new_left_cal": [
  0.8343,
  0.8414,
  0.8561,
  0.884,
  0.94,
  1.0026,
  1.0766,
  1.1248,
  1.1796,
  1.2004,
  1.2086,
  1.1858,
  1.1682,
  1.1136,
  1.0474,
  0.9948,
  0.9385,
  0.8851,
  0.8668,
  0.8515,
  0.867,
  0.8786,
  0.9148,
  0.9567,
  0.9953,
  1.0402,
  1.0646,
  1.0896,
  1.1063,
  1.1029,
  1.0727,
  1.0214,
  0.9833,
  0.9424,
  0.9023,
  0.8618
 ],
 "new_right_cal": [
  0.9708,
  0.9817,
  0.9996,
  1.0089,
  1.0182,
  1.0496,
  1.0553,
  1.0485,
  1.0511,
  1.0342,
  1.0326,
  1.0346,
  0.999,
  1.0078,
  0.9765,
  0.9743,
  0.9745,
  0.9675,
  0.9735,
  0.9925,
  0.9866,
  1.0001,
  1.0029,
  1.0198,
  1.005,
  1.023,
  1.0266,
  1.0111,
  1.0055,
  0.9921,
  0.9717,
  0.9697,
  0.9661,
  0.9599,
  0.9483,
  0.9607
 ],
 "per_speed_residual": {
  "150.0": {
   "left_mean": 12.661034627221078,
   "left_bins": [
    12.554295120239258,
    12.989045642671131,
    12.38007136185964,
    12.719163677909158,
    12.793675785972958,
    12.633106231689453,
    12.700459480285645,
    12.5421159002516,
    12.756175577640533,
    12.773969145382152,
    12.823143323262533,
    12.804962102104636,
    12.45647980185116,
    12.843405034806993,
    12.520032458835178,
    12.75536003112793,
    12.694781257992698,
    12.493321327936082,
    12.902652343114218,
    12.688480831327892,
    12.617142324094418,
    12.54548556464059,
    12.65120700427464,
    12.582846403121948,
    12.501528845893013,
    12.790188471476236,
    12.67682933807373,
    12.52906592686971,
    12.841122010174919,
    12.685728876214279,
    12.595214955946979,
    12.587685585021973,
    12.506235933303833,
    12.777426310947963,
    12.68401119925759,
    12.601655396548184
   ],
   "right_mean": 14.21417612210412,
   "right_bins": [
    13.555037002563477,
    13.705035527547201,
    14.102674940358037,
    14.436680515607199,
    14.641190875660289,
    15.401661831399668,
    15.53707276219907,
    15.443070411682129,
    15.564650367288028,
    15.465672194957733,
    15.011090013715956,
    15.221131380866556,
    14.150116808274213,
    14.393320083618164,
    13.535853049334358,
    13.307613054911295,
    13.245231098598904,
    12.915168815188938,
    13.17695787217882,
    13.582821210225424,
    13.415883867364181,
    13.661579075981589,
    13.884263568454319,
    14.46461528280507,
    14.211007378318094,
    14.820353507995605,
    15.019714604253354,
    14.787010109942893,
    14.84523309360851,
    14.372819264729818,
    13.935366859436035,
    13.952966133753458,
    13.841267228126526,
    13.497164964675903,
    13.30503074645996,
    13.52151228033978
   ]
  },
  "200.0": {
   "left_mean": 17.81847063911722,
   "left_bins": [
    17.934993244352796,
    17.714067168857742,
    18.16815712338402,
    17.570357418060304,
    17.75680294036865,
    17.87648411800987,
    17.71910285949707,
    17.957805514335632,
    17.827922701835632,
    17.64396560192108,
    17.860798018319265,
    17.885573148727417,
    17.89297866821289,
    17.83634336371171,
    17.863837003707886,
    17.538750076293944,
    17.946617829172236,
    17.583253860473633,
    17.90044116973877,
    17.966402053833008,
    17.81248127972638,
    17.80345337207501,
    17.964750862121583,
    17.67485398831575,
    17.550202051798504,
    18.177296118302777,
    17.47858307578347,
    17.81455861954462,
    17.8848837852478,
    17.964806971342668,
    17.66485071182251,
    17.764180755615236,
    18.0973021030426,
    17.765028381347655,
    17.700323316786026,
    17.953667640686035
   ],
   "right_mean": 19.742031423769365,
   "right_bins": [
    19.054798427381012,
    18.948797702789307,
    19.547462034225465,
    20.13853816986084,
    20.12282571338472,
    21.16431999206543,
    21.501722621917725,
    21.49874124072847,
    21.861163691470498,
    21.093932378859748,
    21.251270294189453,
    20.911296081542968,
    19.939947446187336,
    20.072608823361605,
    19.279917217436292,
    18.518883932204474,
    18.29266689134681,
    18.186582746959868,
    18.27736759185791,
    18.777578874067828,
    18.963783264160156,
    19.117734050750734,
    18.933008284795854,
    20.282175731658935,
    20.109877933155406,
    20.45208797454834,
    21.06797745114281,
    20.35128457205636,
    20.304345085507347,
    19.966259638468426,
    19.548776792443316,
    19.19198889959426,
    19.1489683787028,
    18.778544467428457,
    18.11735118519176,
    18.58643731203946
   ]
  },
  "250.0": {
   "left_mean": 22.980184204568875,
   "left_bins": [
    23.394033193588257,
    22.78837661743164,
    22.959364700317384,
    22.77628215154012,
    23.03217879931132,
    22.76591864499179,
    23.07343834324887,
    22.818212709928815,
    22.950938754611546,
    23.056141641404892,
    22.91193962097168,
    22.785392058523076,
    22.844999419318306,
    23.380688762664796,
    22.810860919952393,
    22.928187110207297,
    23.120093027750652,
    22.942740122477215,
    23.000401258468628,
    23.09344047546387,
    23.11125343322754,
    22.980446577072144,
    22.79844045639038,
    22.995333411476828,
    23.079664644987687,
    23.12255989877801,
    22.644311603746917,
    23.15533585981889,
    22.940532472398544,
    23.396534495883518,
    22.75017738342285,
    23.07625328867059,
    22.887153731452095,
    23.131547927856445,
    23.093661880493165,
    22.54633617401123
   ],
   "right_mean": 25.29497641856756,
   "right_bins": [
    24.238181465550472,
    24.000621215156887,
    24.77768283420139,
    25.829820844862198,
    26.033036186581565,
    27.01824378967285,
    27.518932840098504,
    27.74502045767648,
    27.983692986624582,
    27.216856956481934,
    27.191440831059996,
    26.68709141275157,
    26.052998195994984,
    25.3625492254893,
    24.821665224821672,
    23.647509118785027,
    23.733506202697754,
    23.013962193539268,
    23.43983573913574,
    23.954050064086914,
    24.148590890984785,
    24.49915075302124,
    24.748026984078543,
    25.291976504855686,
    25.660196781158447,
    25.896720283909847,
    26.794172387374076,
    26.37112163362049,
    26.261369805586966,
    25.19818827980443,
    25.039070736278187,
    24.955529965852435,
    23.691693181576937,
    24.421444039595755,
    23.486041841052828,
    23.722351982480003
   ]
  }
 }
}